Gene,SgRNA,Barcode
C100220W,1,TTGGCTTTCCTCCCCTTAAC
C100220W,2,TCCTTGAATTTCTTGGTAGA
C100220W,3,CGATGATTCCTTGAATTTCT
C100220W,4,CAACAGTAGCAGAATTGTAC
C100400W,5,TTAATGTCGCTTAGTGATGG
C100400W,6,AGTTTAATGTCGCTTAGTGA
C100400W,7,ATTAACAAAGGGTAAGGATC
C100400W,8,AGTGAGTACGACAAACAAAT
C100450C,9,CAATATACCTTTATCTTGTG
C100450C,10,ATGGCTAAATGACGAATTCA
C100450C,11,TGTCTCTGTCTCTAGCTTTC
C100450C,12,TGAAAAACCTCACAAGATAA
C100510W,13,CATTGTATTTCGTTCATCCT
C100510W,14,ATCTCGTTCCCCAACAAGTT
C100510W,15,TCTCGTTCCCCAACAAGTTA
C100510W,16,TGTTGGGGAACGAGATTCCG
C101070C,17,CATATGTTTCCAATAGTATC
C101070C,18,GTATGGGTATTCAAAGTTGT
C101070C,19,TGTATGGGTATTCAAAGTTG
C101070C,20,ATATAAGAACCCGATACTAT
C101600W,21,ATCTTGAAGGGAGGAGTAGA
C101600W,22,TTGAAGGGAGGAGTAGAAGG
C101600W,23,GAGGAGTAGAAGGTGGTGCA
C101600W,24,GTGGTGCAAGGTTGATTGAA
C101950C,25,ATACTTGAGGTAGTGTATGG
C101950C,26,CGACGATCGACTTCCGTCTC
C101950C,27,CTCAGGATTGTCGTGCATTC
C101950C,28,GATTGTCGTGCATTCCGGCT
C102420C,29,ATATTTAAAAAAAAAGAAGG
C102420C,30,TTAGTATATCAGTTGGGTGT
C102420C,31,GATAAGTTAGTATATCAGTT
C102420C,32,AGATAAGTTAGTATATCAGT
C102510W,33,TGAACTTAGAGTCCGTATAC
C102510W,34,ATTGACGTGTTCATAAAATG
C102510W,35,AGTTACGATCTTTGTTGTTG
C102510W,36,ATATTGAAGGGGTTGGTTAT
C102620C,37,CTACTGTTGTTGTTGCGTCT
C102620C,38,TACTGTTGTTGTTGCGTCTG
C102620C,39,TGCGTCTGGGGCGCCTTTAC
C102620C,40,ACTCCTTCCGATCTTGTTAC
C102660C,41,TGATAAATTACACAGCTTTA
C102660C,42,TAAATTACACAGCTTTAAGG
C102660C,43,TAAGGTGGTGTCTAACATCT
C102660C,44,AATAACAAATGAGTTGGCGA
C102960C,45,TGATTGTTATAGAACAATGG
C102960C,46,CTTTGATTGTTATAGAACAA
C102960C,47,AAAAGAATCATTAACGGGGA
C102960C,48,AAAGAATCATTAACGGGGAT
C103280W,49,TCTTGCCTATAAGTTGAAGA
C103280W,50,CTTGCCTATAAGTTGAAGAA
C103280W,51,AAGGGAAACAAAAAGTAGTG
C103280W,52,ATAGGCATACGTACTAACAG
C103380W,53,TAACAGATTCGAAGGTTCGC
C103380W,54,TTACATATGGCGTGCCCCCT
C103380W,55,GTACCGACAATTGATATTTA
C103380W,56,AAACGAAAGTCAACTAAAAA
C103980W,57,TAATAAGATGATATTGTGTG
C103980W,58,TTGAAAAAGGTCTAAGTAGA
C103980W,59,ATATATGTATTAATTGAAAA
C103980W,60,TATATCTATGTGTATCTTAA
C105500W,61,TAAGACACAAAAGTGGAAAC
C105500W,62,ACACAAAAGTGGAAACAGGA
C105500W,63,GTCGTTGTTTCTCATTTGGT
C105500W,64,TCTCATTTGGTTGGTTGGTC
C105560W,65,ATAAAACATATCATCATAAC
C105560W,66,TTCTTCGTTGTCGTCGTTGT
C105560W,67,TTCACATGCTTATATACAGG
C105560W,68,GTGTTCACATGCTTATATAC
C105780W,69,CCAAGATGCATAGCTCTTGA
C105780W,70,TATGCATCTTGGCTGAGTAT
C105780W,71,CCATCAAGAGCTATGCATCT
C105780W,72,CATATTGCAAAATATTGACA
C106230C,73,CTAACGGGTTATTCGTACTT
C106230C,74,TACGAATAACCCGTTAGAAT
C106230C,75,AAAAGTGTGCAAAAAGCTAT
C106230C,76,TATATTTGAATCTACCACTT
C106850W,77,AGACCATTATCACAGCTATT
C106850W,78,GTATGTTTCTATTATAATGG
C106850W,79,TTTGTATGTTTCTATTATAA
C106850W,80,ATACCGAATAGCTGTGATAA
C107240W,81,GCAGTGATAACCAATCAAGA
C107240W,82,CAATGTAGTGCCGTCTTGAT
C107240W,83,AAAGTTCTTGGAATACTAAG
C107240W,84,TGTTAGCGCCAAAGAAAAAG
C107600W,85,ATAGGTGTCACGTGAAACAG
C107600W,86,ATGGTTGTAAGAATTTGTGT
C107600W,87,GGATATTGCTATTGAAGATG
C107600W,88,AAATCTATGTCGTGTAGAAA
C107910C,89,AAGCTGGAACAAATGTGAGA
C107910C,90,TTTAGTCTTACCACTGGAAA
C107910C,91,TTAGTCTTACCACTGGAAAG
C107910C,92,TTCCAGTGGTAAGACTAAAA
C108920W,93,TTCTTCCTTCGATTACCCAT
C108920W,94,TTATGTGGTTATTGTTGGGG
C108920W,95,GTTGTGGACTGTTGATTATG
C108920W,96,GTGGGGTAAGGGGGTGGTTG
C109030C,97,TTGAATACTTGTTGGGGGAG
C109030C,98,TAGTTAGTGGGATTTGGTAC
C109030C,99,TAAAATTAGTTAGTGGGATT
C109030C,100,GATTGGTTAAAATTAGTTAG
C109450C,101,AGACGTGGAAACTAGTAAAA
C109450C,102,GTATTTATTCGCAACACGCC
C109450C,103,ACTAGTTTCCACGTCTTAAT
C109450C,104,TCTTTGATGGTTTAACTTCC
C109960W,105,AGGGGAAACTAAGTTTAGTT
C109960W,106,CCAATTTATTGCCGCTGTTA
C109960W,107,CCTTAACAGCGGCAATAAAT
C109960W,108,CACAATAGTTACCTTAACAG
C110960W,109,TGTCCGTTAGATTCCTGATG
C110960W,110,CAACCTCATCAGGAATCTAA
C110960W,111,GGTGGTTGTTTATGGATTGA
C110960W,112,GTTTGAAGGGTGGTTGTTTA
C111240C,113,AAGAAGAGCTGAATGTGAGG
C111240C,114,TGGAAGAAGAGCTGAATGTG
C111240C,115,TATGTGTGGAGTAAGAAAAG
C111240C,116,CCTTAAGGCAAAATTACAAT
C111500C,117,GAATTGTAATAGCTTTATTG
C111500C,118,TACGTTGATTTCGAAATCCC
C111500C,119,ACGTTGATTTCGAAATCCCG
C111500C,120,GTTCAATATATACATTACCC
C112260W,121,TCGCATTAGACGAGAGATTC
C112260W,122,CGCATTAGACGAGAGATTCA
C112260W,123,ATGAGGCTAGATTTGATTAA
C112260W,124,GTTGCTATAAATAATAATAA
C112360C,125,TATTAAATAACACAAACTAG
C112360C,126,TGTATTAAATAACACAAACT
C112360C,127,TATATATAAAGAAAGGGAGT
C112360C,128,AAAGATCAGTTATATTTGTA
C112610W,129,AATTTGAGGAATAATAATAT
C112610W,130,AGAAAGAACAAATGAATTTG
C112610W,131,GTGATAATGTTATATGTTGT
C112610W,132,TGAGATGAGATTGAATATGA
C112660W,133,GATTGAAAGGCGGACGGGGA
C112660W,134,ATTGGATTGAAAGGCGGACG
C112660W,135,GATTGGATTGAAAGGCGGAC
C112660W,136,AGATTGGATTGAAAGGCGGA
C112810W,137,CAAATTGCCTCCCACCACCA
C112810W,138,AAATTGCCTCCCACCACCAA
C112810W,139,GGTTGGTTGGTAGATTTCAA
C112810W,140,ATTGGGGTTTGTTTGTTAGT
C113370W,141,AATGTTGATTTATCCATTAT
C113370W,142,TATCCATTATGGGGATGTGG
C113370W,143,CCATTATGGGGATGTGGTGG
C113370W,144,CCACCACCACATCCCCATAA
C200710W,145,AAGGATTCTGCAAATTAAAA
C200710W,146,GATTCTGCAAATTAAAAAGG
C200710W,147,ATTCTGCAAATTAAAAAGGA
C200710W,148,TTCTGCAAATTAAAAAGGAG
C201030W,149,CTATGTGTTGAAAATATAAT
C201030W,150,CTATTATATTTTCAACACAT
C201030W,151,GCTGAACGTCAAATAGCTAC
C201030W,152,GATTTACATTCTGAAGATTC
C201200C,153,AAGATGGGTTATGTGTGTGT
C201200C,154,AAAGATGGGTTATGTGTGTG
C201200C,155,GACAACGACAACGATAAAGA
C201200C,156,ATAAACTCCGTATAAGATTG
C201300C,157,AATAAGATAGAAAAGATGAA
C201300C,158,GAACAAGTGAATAAGGTGAT
C201300C,159,TGAACAAGTGAATAAGGTGA
C201300C,160,GCTCCCTCAGAATTAGGTAT
C202270C,161,AAAAAAATTAAAGTGAGAAC
C202270C,162,TATGTATATATCTTTGTTTA
C202270C,163,AACAAACAAACAACTAACAT
C202270C,164,AAACAACTAACATAGGTTTA
C203560C,165,TGGCGCAAAGGACAAAAAAA
C203560C,166,AGGAAATTCGCCAGAACTCT
C203560C,167,GGCACTATCACCAAGAGTTC
C203560C,168,CAAGAATAATGCTTGATTTC
C204590C,169,TTATTGGTCAGACTATATGC
C204590C,170,TCTCTCTCTCACTTTGGTGG
C204590C,171,CTCTCTCTCTCTCACTTTGG
C204590C,172,TCTCTCTCTCTCTCTCACTT
C204710C,173,GGAATTTGATATATTTATGG
C204710C,174,ATGGGAATTTGATATATTTA
C204710C,175,TGTGATAATTGATGGAATAA
C204710C,176,TTATAATCTGTGATAATTGA
C204800C,177,GTGGTTGATGTGGTTTGGTC
C204800C,178,TAAAATGTTGATGGTTGATG
C204800C,179,TACATAATCACACTAATTAT
C204800C,180,ATTAGTGTGATTATGTAAGC
C204810W,183,TTATTCATTACATAACTTAT
C204810W,184,TCGTTTGTGCTTTAACTTCT
C205500W,185,AGATACTAGATTTCCTATTT
C205500W,186,GAGCGAGAAACAAATATGAT
C205500W,187,TGTAAATGTGAAAGAAAGGG
C205500W,188,GTAAATGTGAAAGAAAGGGA
C206120C,189,AATTTGGAACGCGTTTATTA
C206120C,190,AACGCGTTCCAAATTTGTTC
C206120C,191,CGTGTGTCTGTGCAGGCTGT
C206120C,192,GTGTGTCTGTGCAGGCTGTT
C206290C,193,CACACACTTGAGTTGATTTG
C206290C,194,CACTTGAGTTGATTTGTGGA
C206290C,195,CTTGAGTTGATTTGTGGAAG
C206290C,196,CAACTCAAGTGTGTGCGATT
C207670C,197,TTACGGAATAGAAAATGTAG
C207670C,198,TTGTATGATTCAGATACTAG
C207670C,199,TAGTCTGTGATTCACCAAAT
C207670C,200,AACACTCATGAATGAGATAG
C207680W,201,GTTAACGTCGGTCTTTCTTC
C207680W,202,TTCTCCCTCTCCATTCTGTT
C207680W,203,CTAACCAAACAGAATGGAGA
C207680W,204,TCTAACCAAACAGAATGGAG
C209380W,205,CGAGAGTCTAATTTCTTACG
C209380W,206,TATGAAGAGACCATCCCTCT
C209380W,207,CATCCCTCTAGGTAAACCAC
C209380W,208,CAGTGGTTTACCTAGAGGGA
C209680W,209,GACTTGGTTGCACACTCCGG
C209680W,210,CAACCAAGTCCAAAGTGGGC
C209680W,211,GTGTGCAACCAAGTCCAAAG
C209680W,212,GAAGTATTTGGAAATACTAA
C209840W,213,AACAGACCACCACAACTACT
C209840W,214,GTTGTGGTGGTCTGTTGTTG
C209840W,215,GAATAGCCAAGTAGTTGTGG
C209840W,216,TAAGAATAGCCAAGTAGTTG
C210280C,217,AAAGTGGAAAGTGGTGGAGG
C210280C,218,TGTGTGTAATAAGTGTGTGT
C210280C,219,TTGAGTAGGCGGGTGGTAGT
C210280C,220,TTTGAGTAGGCGGGTGGTAG
C301080W,221,CGAAAGCTCAACGTTAAGGA
C301080W,222,CAACGTTAAGGAAGGAAGGA
C301080W,223,TCCCGGACAACACCCAAAAC
C301080W,224,GGTTTGCAAAAACACATTTA
C301300C,225,GGAAGGGATATAAACAATTT
C301300C,226,TCTTGTACGACCAGTATCAG
C301300C,227,TGGCATCACCATCTCAATTG
C301300C,228,GATGGTGATGCCACTGATAC
C302370C,229,GAACTAAGGACTGAGGACTG
C302370C,230,ATATTAAGAACTAAGGACTG
C302370C,231,GGACTAGACTAGGAACAGGG
C302370C,232,ATTGGACTAGACTAGGAACA
C302670W,233,TTGCTTTCACAAAGATCACT
C302670W,234,GTTGCTTTCACAAAGATCAC
C302670W,235,CAACAGATGGTGATGGTTGT
C302670W,236,CACCATCTGTTGCAAAAAAT
C304830C,237,AATTTCTTGTAAGCTAATTG
C304830C,238,TAAGCTAATTGAGGGTGTTT
C304830C,239,TCCAGCTTAGGGCATATTGT
C304830C,240,ACCAACAATATGCCCTAAGC
C305800W,241,CCAAAAAAACACGACTTGGA
C305800W,242,ACTAGTGTCTTGTACGTTAT
C305800W,243,CAGTAAGACAAACCAAGCCA
C305800W,244,AGTAAGACAAACCAAGCCAA
C305830W,245,TAGCAACCCTTTATTATACT
C305830W,246,AATGTTGCCAAGTATAATAA
C305830W,247,ATATATATATATATGAATGG
C305830W,248,TATTCTATTCTATTCTATTA
C306520C,249,AGGGGAGTAAAAGAGCATCG
C306520C,250,GAAGAATGAGACGCGCGATG
C306520C,251,AAGAATGAGACGCGCGATGT
C306520C,252,TATGTTGAATTTACTTAACG
C307320W,253,ACAAAAAGTGAGGGCGTGAG
C307320W,254,AAACAAAAAGTGAGGGCGTG
C307320W,255,GATCTTAAGGCACAAGTTAT
C307320W,256,ATATAACCCACAAGTCTTAG
C307390C,257,TGGTAGGTTTGCAGTTGTTG
C307390C,258,AGAAGGTTGGAGAGCAAGAT
C307390C,259,GACGAGCTAAAGAAGAAGGT
C307390C,260,TAAGTCACGTTTGTCCTTGC
C307780C,261,GGACTGGTTCAAAATTAGTG
C307780C,262,CTTCTTGTAGCCTCCCAACA
C307780C,263,GTGTGGTGCACGACCATGTT
C307780C,264,TGTGTGGTGCACGACCATGT
C400560C,265,TAGTGCCAGAGATTTCACAG
C400560C,266,AGTGCCAGAGATTTCACAGT
C400560C,267,TGCCAGAGATTTCACAGTGG
C400560C,268,CCAGAGATTTCACAGTGGGG
C400890W,269,CGATGAGCCATGACCAACAA
C400890W,270,ACGATGAGCCATGACCAACA
C400890W,271,TTTCTCCATCAAACGGTGTT
C400890W,272,ACGGTGTTTGGTTTCTCGTT
C401150W,273,GTGTGTTTAAGGGATGCTGG
C401150W,274,TGGTGGTAAATGGTTAGTGG
C401150W,275,AAATGGTTAGTGGTGGTAAG
C401150W,276,TTAGTGGTGGTAAGTGGAGG
C401750C,277,GTAGGCAAGCAGGCAGAAAG
C401750C,278,TAGGCAAGCAGGCAGAAAGT
C401750C,279,TTCTGCCTGCTTGCCTACGT
C401750C,280,TTTCTGCCTGCTTGCCTACG
C401870C,281,CATTGGTATAATTGGTCTTG
C401870C,282,CCATTGGTATAATTGGTCTT
C401870C,283,TTACAAGAATGCAAGACCAT
C401870C,284,ACAAGTTACACATATAGCTA
C401880W,285,TTGGCGTGAAAAAAAAAACG
C401880W,286,GGAAAAGCATTTCTTGCTGG
C401880W,287,CCTGGAAAAGCATTTCTTGC
C401880W,288,TGACATTGCCAATTGATGAT
C401980C,289,ATAAGTTTGTCGTGTGTTTG
C401980C,290,ATCAAATACTGGGCAAGAGC
C401980C,291,AATCAAATACTGGGCAAGAG
C401980C,292,TTACATCATTTCCTGTGGAG
C403200C,293,TATGTCCGTATCAATCTACG
C403200C,294,TCATACCACGTAGATTGATA
C403200C,295,TCCGGAATGTCACAGGTAAT
C403200C,296,AGTAAACTCCGGAATGTCAC
C403330W,297,GTGAAGATCAGGCCCTTCCT
C403330W,298,GGCAAGATATAACCAAGGAA
C403330W,299,GGGCAAGATATAACCAAGGA
C403330W,300,TTTAGGGCAAGATATAACCA
C404260C,301,CAAATAGTGTATCCGCAAAT
C404260C,302,ACTGATCACGTGAAAATTCG
C404260C,303,ACGTCTTTCGATAGTGGCAC
C404260C,304,TTGAATACGTCTTTCGATAG
C404820C,305,CATAGTGCGAACAATACTAT
C404820C,306,TGAAAACTCAATGTTGATAT
C404820C,307,TGGAATATTTGGGTGCGGGA
C404820C,308,CTATAGTATTGTTCGCACTA
C500770C,309,AATTTGATGCTACCACTACG
C500770C,310,TTGGAGGAAAAGTGGGGCGG
C500770C,311,TAATTGGAGGAAAAGTGGGG
C500770C,312,GGTATTAAATTGGTTCCAAG
C500790C,313,CCATCCCCCAAAAGAGTAAA
C500790C,314,AAAGTTACCAACCAGTAAAT
C500790C,315,CGATGGAACTACCAATTTAC
C500790C,316,TAGTAGTTTGGATTTGACGA
C501240W,317,AATGTAGCGGGGAAGAGGAG
C501240W,318,GTTCTAATGTAGCGGGGAAG
C501240W,319,ATGGTGGTTCTAATGTAGCG
C501240W,320,AATGGTGGTTCTAATGTAGC
C501460W,321,CAACGCGTTGTTTATTTCTG
C501460W,322,ACAATGCTAGGATATGATGA
C501460W,323,GAATTCTCAGGCTGGTCCAT
C501460W,324,TGTCTAAGGAATTCTCAGGC
C501720C,325,GTTGATTGATGACTGATGGT
C501720C,326,AGTTGATTGATGACTGATGG
C501720C,327,GATAGTTGATTGATGACTGA
C501720C,328,AAAGTAATATCTTAACGCAA
C502900W,329,ATTCTCTGGCTTGCTGGCTT
C502900W,330,TCAACAATTCTCTGGCTTGC
C502900W,331,TTTGGGTGTCGCAGAATCAA
C502900W,332,TTAATCCAACTACAAAATGT
C505190W,333,TTAGGAGCGGGAGTGGGAGC
C505190W,334,AAACAGTTAGGAGCGGGAGT
C505190W,335,AAAACAGTTAGGAGCGGGAG
C505190W,336,AGAAGGAAAACAGTTAGGAG
C505410C,337,TGTGGATGGGTACATGATCT
C505410C,338,TGGCTGGATCCAGTCAATCC
C505410C,339,ACAAGGAACCGGATTTCCCT
C505410C,340,GGATGGGTACATGATCTGGG
C600870C,341,GCTGTCCCACTCAACTGAGG
C600870C,342,TTTGCTGTCCCACTCAACTG
C600870C,343,AATCTGCGCTATTCCGCTAC
C600870C,344,GCGCGATGCAGGCCCTGTAG
C601280W,345,AATTTAGTGTTGTTACCGTT
C601280W,346,TTGATAACTCGTGCACGACA
C601280W,347,ATAGTGTAAAGCGTTCTCAT
C601280W,348,ATGAGAACGCTTTACACTAT
C601980C,349,TGTTTGATATTCTTGATTCC
C601980C,350,ATCACGGCCAAGACAAGCCA
C601980C,351,TGCCATACCGTGGCTTGTCT
C601980C,352,CTAAAAGCGTTGCCATACCG
C602370C,353,AAAAAATTTTTTTTCATATT
C602370C,354,CATATTGGGTCGTGCATTAT
C602370C,355,ATATTTATTCGTGAAGGTTG
C602370C,356,GGATGAATATTTATTCGTGA
C602570C,357,TGTCTCTAGTCAGGATCAAC
C602570C,358,TTTGTTCGGTGTCTCTAGTC
C602570C,359,TATAGCTAATACTTCGAAAC
C602570C,360,AGTAATTTGTCTAATGGGGC
C603110C,361,GGCTGCATTCAAACGTTCTT
C603110C,362,GATCTCTCAGGACTGCCATA
C603110C,363,GGACTGCCATATGGTCTATA
C603110C,364,GACTGCCATATGGTCTATAA
C604120C,365,GAATTGATACATTATACTAT
C604120C,366,TAGCATTACATCACACTAAA
C604120C,367,TTGTTGTTTGTGGTTGTCTG
C604120C,368,GTTGTTGTTGTTGTTGTTTG
C700210C,369,GGACTGGATTTAAACATGGT
C700210C,370,TCTCATCCCCGGACTTAACT
C700210C,371,CTTTCTTGGCAGGCTCGTAG
C700210C,372,CTACGAGCCTGCCAAGAAAG
C700730W,373,CTCTCTCTCTCTTCTTATTT
C700730W,374,TCTCTCTCTCTTCTTATTTC
C700730W,375,TAAGCGAATAAAGGGAAGAA
C700730W,376,GAATAAGAACTAATTGGTAA
C701180W,377,ACTCAGCTAGTTCTGCTTGT
C701180W,378,CTAGTTCTGCTTGTTGGTAC
C701180W,379,AACTGGGTGTTGTCATCGGT
C701180W,380,CGTTAACTGGGTGTTGTCAT
C701650W,381,TTGATGTTTGAGTGAGGAAT
C701650W,382,GTTTGATTGATGTTTGAGTG
C701650W,383,TGAATCACACATTGCGTAAC
C701650W,384,GCTAGTTAGGAGAACAAAAG
C702060W,385,CGAAGCACACGACCGTCTTG
C702060W,386,AAAGTTTGACTCATCGATTT
C702060W,387,AAACTAGACGTGTAGAAGAA
C702060W,388,GGATTAAATTCCCACAATTG
C702680W,389,TTTCTTCTTTCTACAATTTG
C702680W,390,TTCTTCTTTCTACAATTTGT
C702680W,391,CAAATCAAAAAATTTGTAGT
C702680W,392,AACGATAATAGTATTCAAGA
C702770W,393,TAATTATATCAAAATTGGAA
C702770W,394,GTATTCTGGAAATTTAAATA
C702770W,395,ATGTAGTTTAAAGGGTATTC
C702770W,396,CTTAGATTGTAAGAGAGCAT
C702950C,397,TCCATCTAACTTCTTGAAAC
C702950C,398,TCCTGTTTCAAGAAGTTAGA
C702950C,399,TTAACTAATCACCATCAAAC
C702950C,400,AACTGACTTTCTTCCGTATT
C703000C,401,TGTTGTGTGTGTGTGTCAAA
C703000C,402,TTTCTTTCTATTTGCTTTCT
C703000C,403,ATGTTGTTGAGATTTGGATT
C703000C,404,GTTGAGATTTGGATTTGGCG
C703120W,405,TGATGAGTACAAAAGTAGTG
C703120W,406,CTTGTGTGTAGCTTATTCTG
C703120W,407,GCTTGTGTGTAGCTTATTCT
C703120W,408,TGCTTGTGTGTAGCTTATTC
C704270C,409,GAAAGGAGTTTATTGGTAGG
C704270C,410,CTTTCCTTCGGGGTTCTTGG
C704270C,411,GTTGGCGGTTGCGACTTCAA
C704270C,412,GATTGCGTCTTTGTGGTTGG
CR00250W,413,TGTCAAATGCTAATGTCTGT
CR00250W,414,TGTAGGAATTGAGCGCAGAT
CR00250W,415,TTTCTGGTTGTTTGTTGTGT
CR00250W,416,ATAGTTACTGTGTTGGTTGT
CR00410W,417,ATTAGCAAGTGTTGTTATTG
CR00410W,418,TTGTTGTTGGGAATCGATTG
CR00410W,419,AATCGGTCCAAGTGAATTAC
CR00410W,420,GACCGATTGGAAAGTATGAA
CR00480W,421,AGTGGCGAATGAAGTTTCGT
CR00480W,422,AACATGTTCAAAACGAGTGG
CR00480W,423,TGTCTGTCCCCACGTTCAAG
CR00480W,424,GAAGGTCTCTAAGATTAAAG
CR00510C,425,CTGTACAAAATGAGATAGCT
CR00510C,426,GGATTAGTATTATTTTTTTC
CR00510C,427,AGCAAAAAGAATAGTTGACT
CR00510C,428,TGTAGGATTATGTGAGTATG
CR00680W,429,TAGGAAAACCGCGAAAGCAT
CR00680W,430,AAATAGATGGAATCAAAAAG
CR00680W,431,TTGCACCTTCTATTCTTTCT
CR00680W,432,TCTAGGTAGAATATATTCAC
CR00890C,433,GGAGAGGAAACAAACCAACC
CR00890C,434,AAATGAATTGTTCAGTTTCG
CR00890C,435,CTATAGCCACTACTTACTAG
CR00890C,436,CCTTTCCCACTAGTAAGTAG
CR01300W,437,CCCATTGTGCACGACTAAAT
CR01300W,438,GCACGACTAAATAGGTTACT
CR01300W,439,CTATTTAGTCGTGCACAATG
CR01300W,440,CCTATTTAGTCGTGCACAAT
CR01370C,441,ACACTTGATGGAAATGAATG
CR01370C,442,TGTGGTCGTGCAAAGCAACC
CR01370C,443,GGTCTTGGATCGTAAGTTTG
CR01370C,444,TAAGTATCGATTACTCTCTT
CR01620C,445,AACTGTGTGTGTGTGCGTGT
CR01620C,446,AAACTGTGTGTGTGTGCGTG
CR01620C,447,TCGCCGCCCACTCCTCGTTT
CR01620C,448,ATTCCTAAACGAGGAGTGGG
CR02090C,449,TGTCAGAACTAGCTTGTTGA
CR02090C,450,GTCAGAACTAGCTTGTTGAT
CR02090C,451,GGCAACCGTTGACTTGTTTA
CR02090C,452,TATGGCCATAAACAAGTCAA
CR02540W,453,TGTTGTAAGAATATATAATT
CR02540W,454,TAGATTAATATAATTTAGTT
CR02540W,455,TGCAATATGTAATATGATCT
CR02540W,456,ATGCAATATGTAATATGATC
CR02580W,457,TCCGCGTAAGATTCTTCTAC
CR02580W,458,CCGCGTAAGATTCTTCTACA
CR02580W,459,CCCTGTAGAAGAATCTTACG
CR02580W,460,GTGGTGGAGTGATTCCTTAC
CR02990C,461,AATTGTTGAATAATTTATAA
CR02990C,462,CATTGATTTGTCCTTGTGTT
CR02990C,463,CAAACACAAGGACAAATCAA
CR02990C,464,TAAATTTATTAAATGGGTTG
CR03430W,465,TCTCAACATGTAGTCGTGTG
CR03430W,466,GTCGTGTGTGGTTCAACATT
CR03430W,467,AAACTTGACTTCTTACTTCT
CR03430W,468,GAAGTAAGAAGTCAAGTTTA
CR03530W,469,TCAGTGAGTTGCTCACTGAT
CR03530W,470,GAACTGTACCAAGTGAGAGG
CR03530W,471,TTCTTTGACCCCCTCTCACT
CR03530W,472,ACACTACCCCAATATTTGAT
CR03930C,473,AAAAAATGCGTTATTAAGAC
CR03930C,474,TCTATTATATCTTTACGAGC
CR03930C,475,TTTACGAGCAGGAAAAGACT
CR03930C,476,ATAATTAATGTATACAATTA
CR03950W,477,CAACCACATACAATATATTG
CR03950W,478,TTACCCCAATATATTGTATG
CR03950W,479,CTTATTGACCTTCTCTTATC
CR03950W,480,GTAGTATGGTTCTTTCTGTT
CR04140W,481,CGGTATTACTTTCACTGGGG
CR04140W,482,ATTCGGTATTACTTTCACTG
CR04140W,483,ATACAATTTACAATTGATTG
CR04140W,484,GTTGTGTTTGACCTATAGGT
CR04520W,485,ATGTAGTTTTGAAGTGATAG
CR04520W,486,ACTGTACACGACTTCTTTGA
CR04520W,487,TGTATAAGTAAATAAAAATC
CR04520W,488,AGAATAAAGATCAAGAATTT
CR05100W,489,TTTCAGATGTTCCCTGTTAT
CR05100W,490,CGTGCAACGCCAATACATTA
CR05100W,491,GTGCAACGCCAATACATTAC
CR05100W,492,TTGCACGAAGTACCGATAAC
CR06640C,493,ACTAAAATATTGTTGTGGTG
CR06640C,494,AGAATACTAAAATATTGTTG
CR06640C,495,TACTTCAACAGTATATACAC
CR06640C,496,GTTCTTCTTCTTCTTCTTCT
CR07390C,497,GCTATAACGTTACTAGTAGT
CR07390C,498,TGCGCACAATTTCCTGCACA
CR07390C,499,GAGTATAGTGATCCATGTGC
CR07390C,500,TAGGGTTGATTAAAAGAGAA
CR07710W,501,GCCTCGAGTGCTAATGCCAA
CR07710W,502,ACCTTTGGCATTAGCACTCG
CR07710W,503,ATATTTGAGTGAATTGGCTA
CR07710W,504,ATAGCCAATTCACTCAAATA
CR09320C,505,AGCGAGTAGTAGTAGTTTGT
CR09320C,506,GAGTAGTAGTAGTTTGTTGG
CR09320C,507,GTAGTAGTAGTTTGTTGGCG
CR09320C,508,TAGTAGTAGTTTGTTGGCGG
CR09760W,509,AATGTTGGGTTAGTTGGTCT
CR09760W,510,CGAGGGCGCGGGGGGAGGGG
CR09760W,511,ATACGAGGGCGCGGGGGGAG
CR09760W,512,TATGTAATACGAGGGCGCGG
CR10010C,513,TATCTAATATCTAATAAACA
CR10010C,514,TAAAATTCAAATCCCATTGT
CR10010C,515,ATTAAAATAGGCTGATGAGT
CR10010C,516,CCAAAAGGATAAATTAAAAT
CR10650W,517,AATGCAAGCACGTATCCTAA
CR10650W,518,AAATTTGGTATGGAGATGAG
CR10650W,519,GTATGGAGATGAGTGGGTTA
CR10650W,520,TTATGGATTGGATTGACTAT
C702030W,521,ATTTTTCCAGTGGTCTCCGT
C702030W,522,TGGCAACCAACGGAGACCAC
C702030W,523,AGGTAGTAATATGGTGCTGC
C702030W,524,AACGGGAGGAGTTGATAAAC
R-sgRNA 1,525,CTGCAGAGAGATCATAACTT
R-sgRNA 2,526,CGGGGTACGGCTTTAATACT
R-sgRNA 3,527,ATAGATTTTTTGCCGGTACA
R-sgRNA 4,528,TAACATTGGAGTCGCTACTC
R-sgRNA 5,529,AGCAGAGTGCATAGCTACTC
R-sgRNA 6,530,AAGGGAGTCGTAATAGGAAG
R-sgRNA 7,531,GCATGACTGTGGATAGAGGT
R-sgRNA 8,532,TCCACTGGACTCGCCCCCTC
R-sgRNA 9,533,TACCACGTCTTCAGATCTCG
R-sgRNA 10,534,ATCAGTCCGAAGCCGTGCGG
R-sgRNA 11,535,GTCCAACTAAATGGTGCCAC
R-sgRNA 12,536,GTCACAGCTCTACTACAGCA
R-sgRNA 13,537,TCTCGCGACTGCCACATAAC
R-sgRNA 14,538,GACGGTGAAGTCGGTTGGCA
R-sgRNA 15,539,TAAAGCTTAGGGACCGGAGT
R-sgRNA 16,540,CCGTGTGCGATCCCTTCTTT
R-sgRNA 17,541,AGACTCCAGCGTTGGCCAAA
R-sgRNA 18,542,AGCTCTACTGTTACAAGGGG
R-sgRNA 19,543,GCTAGCTTCACTAGGGGTAA
R-sgRNA 20,544,TCGGCCCTAGACTCAATATG
R-sgRNA 21,545,GATGGGGGCCAAGTTCGTGA
R-sgRNA 22,546,GATCTGGCTCGGGACTCGTT
R-sgRNA 23,547,TCCGCTGCGCAAACTTCACT
R-sgRNA 24,548,TGGACCAGGTTCACCGAGTG
R-sgRNA 25,549,TCTTCCCATTCGGACCCAAG
R-sgRNA 26,550,TGTTTAGGCAGTGATCAGCC
R-sgRNA 27,551,GGTATCGTCGTGTCTCATTA
R-sgRNA 28,552,CGCGTCCAGGTTCTTCTGGA
R-sgRNA 29,553,TGTTGGATCGTCCCTAGGAA
R-sgRNA 30,554,TCTGACGATCTGTTGTGAGA
Plasmid Backbone ,555,TGAAGAGCCATTAATGCTCTTCC
